{"overall_transform": [[0.01206087234893316, -0.9913658287277979, -0.13056924978351386, 0.00761446496582893], [0.9998605018823462, 0.010447894172316174, 0.013031434416340325, -0.05916826744058622], [-0.011554745075770263, -0.13070820608596453, 0.991353545778711, -0.010178974339580288]], "cpf_transform": [[-0.03186013725398906, 0.7933534010715845, 0.6079270619591683, 0.071351], [-0.9986295320622568, 1.7481548431064198e-09, -0.05233600761538715, 0.002372], [-0.04152095070292633, -0.608761349798219, 0.79226613561642, 0.008454], [0.0, 0.0, 0.0, 1.0]], "min_corner": [0, 0], "scale": 1, "paramsAria": [609.373776335408, 711.8566200994845, 703.9109497618035, 0.3732988784675469, -0.2351887741797925, -0.5888223181553577, 2.221253835112526, -2.439442570704075, 0.8426302862525296, -0.0002039713212443591, -0.0001236934001762253, 0.001689980719267702, 5.014863378522821e-05, -0.0004191885225595066, -1.646486462538359e-06], "camTranslationAria": [-0.004204494251374341, -0.01190907330752983, -0.005076745402282515], "quatAria": [0.9441379843997912, 0.32576926252110605, 0.03547272900176853, 0.03492190583460885]}